category_filters,title,author,author_img,organization
Metrics,A/B test checklist,Olga Berezovsky,https://www.metabase.com/images/community/olga_berezovsky.jpeg,MyFitnessPal
"Strategy,Data culture",A data catalog endeavor: The Why and the How,Juan Sebastián Suarez Valencia,https://www.metabase.com/images/community/juan-sebastian.jpeg,Meisterlabs
"Working with Metabase,Data culture",Anticipating the next click,Ukrit Wattanavaekin,https://www.metabase.com/images/community/Ukrit-Wattanavaekin.jpeg,Metabase
Data culture,Choose boring data technology,Jacob O’Bryant,https://www.metabase.com/images/community/Jacob-OBryant.jpg,Thesample.ai
Strategy,Tips for writing Community Stories,Metabot,https://www.metabase.com/images/community/data-bytes-tips/metabot-greetings-data-bytes.png,Metabase
Pipelines,Data-driven pipelines as a competitive advantage,JP Urrutia,https://www.metabase.com/images/community/jp-urrutia.png,KPMG
"Working with Metabase,Strategy",Data driven product management,Victor Bolu,https://www.metabase.com/images/community/Victor-Bolu.png,WebAutomation
"Working with Metabase,Metrics",Building SaaS metrics dashboards with Metabase,Chris Short,https://www.metabase.com/images/community/Chris-Short.jpeg,Easy Agile
Careers,Career Advice for Data Analysts,Rob Glickman,https://www.metabase.com/images/community/Rob-Glickman.png,Cledara
"Working with Metabase,Self-service analytics",Exploiting data to deliver trustworthy metrics,Frédéric Vion,https://www.metabase.com/images/community/Frederic-Vion.jpg,Subclic
Metrics,What is K-Factor? Forecasting your product virality,Ruslan Nazarenko,https://www.metabase.com/images/community/ruslan-nazarenko.jpeg,Braid
Pipelines,Here's what I learned from creating Data Pipelines,Srivamsi Sakirepalli,https://www.metabase.com/images/community/srivamsi-sakirepalli.jpeg,Lendingkart
Careers,How I built the Data Angels community for women in data,Jessica Cherny,https://www.metabase.com/images/community/jessica-cherny.png,Ironclad
Working with Metabase,How I used Metabase with MongoDB to track the performance of my Slack app,Adam Charvat,https://www.metabase.com/images/community/adam-charvat.png,MeetSlack
Metrics,How to choose the right data to monitor your growth?,Khalil A. Cassimally,https://www.metabase.com/images/community/khalil-a-cassimally.png,The Conversation
Data culture,How to document data,Rick Radewagen,https://www.metabase.com/images/community/rick-radewagen.jpeg,Snowboard Software
Modeling,How to ensure your data model changes don’t make the world explode,Kim Streich,https://www.metabase.com/images/community/Kim-Streich.png,Infused Insight
Visualization,How to fix broken dashboards,Halynne Shi,https://www.metabase.com/images/community/halynne-shi.png,Shopback
Metrics,How to measure the success of new product features and why it is important,Kedson Alves,https://www.metabase.com/images/community/kedson-alves.jpeg,Panther
Metrics,How to relate team’s KPIs with the overlapping OKR goals,Guilherme Souza,https://www.metabase.com/images/community/guilherme-souza.jpeg,Cheesecake Labs
Data teams,How to structure your data team to support organizational goals,Danae Whitten,https://www.metabase.com/images/community/danae-whitten.png,BombBomb
Statistics,Why statistics do not always summarize data well,Matt David,https://www.metabase.com/images/community/Matt-David.png,Datafold
"Data culture,Strategy",How we used OKRs for the data science team to improve our data stack,Thomas Schmidt,https://www.metabase.com/images/community/thomas-schmidt.jpeg,Agrando
"Working with Metabase,Strategy",Measuring metrics performance starts before you start measuring,TJ Muehleman,https://www.metabase.com/images/community/TJ-Muehleman.png,Standard Co
Careers,Learning SQL can unleash your superpowers,Alex Dou,https://www.metabase.com/images/community/alex-dou.png,Sana Benefits
Self-service analytics,Using product data to support your launch,Will Sanderson,https://www.metabase.com/images/community/Will-Sanderson.jpg,"MachineQ, a Comcast Company"
Working with Metabase,"Managing streaming analytics pipelines with dbt, Materialize and Metabase",Marta Paes,https://www.metabase.com/images/community/marta-paes.png,Materialize
"Working with Metabase,Self-service analytics",Metabase visualizations and self-service analytics for Shopify merchants,Harshdeep Hura,https://www.metabase.com/images/community/Harshdeep-Hura.png,Heura Media
Strategy,Data science project management and the CUA factor,Jacky Ma,https://www.metabase.com/images/community/jacky-ma.png,Remerge GmbH
Cleaning,Prepare your data for Business Intelligence Analytics,Karolina Adamiec,https://www.metabase.com/images/community/karolina-adamiec.png,Netguru
Strategy,Rule-based recommendations,Conor Dewey,https://www.metabase.com/images/community/Conor-Dewey.jpeg,Metabase
Working with Metabase,Running Metabase on AWS Lightsail,Percy Musaka,https://www.metabase.com/images/community/Persevierance-Musaka.jpeg,Catalyst IT
Self-service analytics,Self-service analytics: advantages and pitfalls,John Thompson,https://www.metabase.com/images/community/john-thompson.png,Cargill
Working with Metabase,Using Metabase for Self-service product analytics,Karen Hsieh,https://www.metabase.com/images/community/karen-ksieh.png,KKFARM
"Working with Metabase,Self-service analytics",Setting up Metabase as a BI Layer in the Modern Data Stack,Opeyemi Fabiyi,https://www.metabase.com/images/community/opeyemi-fabiyi.jpeg,Data Culture
"Working with Metabase,Data culture",Building a data-driven team to setup Metabase for success,George Visniuc,https://www.metabase.com/images/community/George-Visniuc.png,YourCampus
Working with Metabase,Streaming Analytics with Materialize and Metabase,Marta Paes,https://www.metabase.com/images/community/marta-paes.png,Materialize
Cleaning,The pursuit of a perfect dataset,Akshay Kalra,https://www.metabase.com/images/community/akshay-kalra.png,EX Squared Solutions India Pvt. Ltd.
Working with Metabase,Using Notion with Metabase,Ting-Shao Kuo,https://www.metabase.com/images/community/Shao.jpeg,Node
Working with Metabase,Using variables to reduce ad hoc analysis in Metabase,Chris So,https://www.metabase.com/images/community/chris-so.jpeg,Chris's Medium
Visualization,UX principles for beautiful dashboards,Daria Goncharenko,https://www.metabase.com/images/community/Daria-Goncharenko.jpeg,Aff1
"Strategy,Data culture",What is a metrics layer and how your company can benefit from it,Chris Nguyen,https://www.metabase.com/images/community/chris-nguyen.png,Keller Williams Realty International
"Metrics,Strategy",Business Intelligence vs Product Analytics,Ali Baghshomali,https://www.metabase.com/images/community/ali-baghshomali.png,Mentat Analytics
Careers,What skills are required to land a Data Analyst position?,Alexandre Dantec,https://www.metabase.com/images/community/alexandre-dantec.png,Qonto
"Strategy,Data culture",Why you should invest in a data catalog,Ali Baghshomali,https://www.metabase.com/images/community/ali-baghshomali.png,Mentat Analytics