title,image,categories
Guide to sharing data,https://www.metabase.com/images/twitter/default.png,Reporting
Guide,https://www.metabase.com/images/twitter/default.png,Administration
Index,,Administration
Making dashboards faster,https://www.metabase.com/images/twitter/default.png,guide
Managing people,https://www.metabase.com/images/twitter/default.png,Administration
Metabase api,https://www.metabase.com/images/twitter/default.png,guide
Metabase at scale,https://www.metabase.com/images/twitter/default.png,jekyll update
Same page,https://www.metabase.com/images/twitter/default.png,Administration
Serialization,https://www.metabase.com/images/twitter/default.png,guide
Analytics mistakes,https://www.metabase.com/images/twitter/default.png,jekyll update
Avoiding data jargon,https://www.metabase.com/images/twitter/default.png,guide
Data model mistakes,https://www.metabase.com/images/twitter/default.png,guide
Embedding mistakes,https://www.metabase.com/images/twitter/default.png,guide
Etl landscape,https://www.metabase.com/images/twitter/default.png,Analytics
Index,,Analytics
Information budget,https://www.metabase.com/images/twitter/default.png,guide
Push and pull,https://www.metabase.com/learn/images/twitter/default.png,how-to walkthrough
Which data warehouse,https://www.metabase.com/images/twitter/default.png,Analytics
Bi dashboard best practices,https://www.metabase.com/images/twitter/default.png,Reporting
Build a record lookup tool,https://www.metabase.com/images/twitter/default.png,Reporting
Compare times,https://www.metabase.com/learn/images/compare-times/side-by-side-dashboard.png,Query builder
Cross filtering,https://www.metabase.com/images/twitter/default.png,Reporting
Custom destinations,https://www.metabase.com/images/twitter/default.png,Reporting
Editing dashboards,,Analytics
Filters,https://www.metabase.com/learn/images/adding-filters-to-dashboards-with-sql-questions/finished-dashboard.png,Reporting
Index,,Dashboards
Linking filters,https://www.metabase.com/images/twitter/default.png,Reporting
Markdown,https://www.metabase.com/learn/images/fun-with-markdown-in-your-dashboards/dashboard-with-text-box.png,jekyll update
Data cube,https://www.metabase.com/learn/images/data-cube/orders-by-year-and-product-category.png,Databases
Data mart data warehouse data lake,,Databases
Data types overview,https://www.metabase.com/learn/images/data-types-overview/data-reference-page.png,Databases
Database basics,https://www.metabase.com/images/twitter/default.png,Databases
Dimensions and measures,https://www.metabase.com/images/twitter/default.png,Databases
Index,,Databases
Normalization,https://www.metabase.com/images/twitter/default.png,Databases
Table relationships,https://www.metabase.com/images/twitter/default.png,Databases
Types of databases,https://www.metabase.com/images/twitter/default.png,Databases
Index,,Debugging sql
Sql logic duplicated data,https://www.metabase.com/images/twitter/default.png,Debugging
Sql logic missing data,https://www.metabase.com/images/twitter/default.png,Debugging
Sql logic,https://www.metabase.com/images/twitter/default.png,Debugging
Sql syntax,https://www.metabase.com/images/twitter/default.png,Debugging
Brand,https://www.metabase.com/images/twitter/default.png,guide
Embedding charts and dashboards,https://www.metabase.com/learn/images/embedding-charts-and-dashboards/powered-by-metabase.png,Development
Embedding overview,https://www.metabase.com/images/twitter/default.png,jekyll update
Index,,Embedding
Multi tenant self service analytics,https://www.metabase.com/images/twitter/default.png,jekyll update
Beyond bi,https://www.metabase.com/images/twitter/default.png,guide
Data browser,https://www.metabase.com/images/twitter/default.png,Getting started
Getting started,https://www.metabase.com/images/twitter/default.png,Getting started
Index,,Getting started
Models,https://www.metabase.com/learn/images/models/notebook-question.png,Analytics
Sharing work,https://www.metabase.com/images/twitter/default.png,Getting started
Tour of metabase,https://www.metabase.com/images/twitter/default.png,Getting started
Learn Metabase,https://www.metabase.com/images/learn/learn-hero@1x.png,
Auditing,https://www.metabase.com/learn/images/auditing-your-users-and-data/customer-audit-page.png,Enterprise
Collection permissions,https://www.metabase.com/images/twitter/default.png,Administration
Data permissions,https://www.metabase.com/images/twitter/default.png,Administration
Data sandboxing column permissions,https://www.metabase.com/images/twitter/default.png,Enterprise
Data sandboxing row permissions,https://www.metabase.com/images/twitter/default.png,Enterprise
Index,,Permissions
Ldap auth access control,https://www.metabase.com/images/twitter/default.png,Administration
Multi tenant permissions,https://www.metabase.com/images/twitter/default.png,Enterprise
Strategy,https://www.metabase.com/images/twitter/default.png,Administration
Custom expressions,https://www.metabase.com/learn/images/custom-expressions-in-the-notebook-editor/filter-expression.png,jekyll update
Drill through,https://www.metabase.com/learn/images/create-charts-with-explorable-data/action-menu.png,Reporting
Index,,Questions
Joins in metabase,https://www.metabase.com/learn/images/joins-in-metabase/orders-and-products.png,guide
Multi aggregation,https://www.metabase.com/learn/images/multi-aggregation/viz-weekly-totals-by-category.png,Querying
Searching tables,https://www.metabase.com/images/twitter/default.png,Querying
Time series comparisons,https://www.metabase.com/images/twitter/default.png,jekyll update
Dates in sql,https://www.metabase.com/images/twitter/default.png,Querying
Field filters,https://www.metabase.com/learn/images/field-filters-create-smart-filter-widgets-for-sql-questions/date-filter.gif,jekyll update
Index,,Sql questions
Ltv with metabase,https://www.metabase.com/learn/images/ltv-with-metabase/ltv-sql-query.png,Analytics
Organizing sql,https://www.metabase.com/images/twitter/default.png,Organization
Sql best practices,https://www.metabase.com/images/twitter/default.png,guide
Sql cte,https://www.metabase.com/images/twitter/default.png,Querying
Sql join types,https://www.metabase.com/learn/images/sql-join-types/join-types.png,Querying
SQL joins,https://www.metabase.com/images/twitter/default.png,Querying
Sql snippets,https://www.metabase.com/learn/images/sql-snippets-reuse-and-share-sql-code/highlight-and-save-as-snippet.gif,Querying
Sql tricks ordering charts,https://www.metabase.com/learn/images/sql-case/case-expression.png,Querying
Sql variables,https://www.metabase.com/images/twitter/default.png,jekyll update
Bar charts,https://www.metabase.com/learn/images/master-the-bar-chart-visualization/edited-bar-chart.png,jekyll update
Chart guide,https://www.metabase.com/learn/guide-to-charts/stacked-100-percent.png,Querying
Funnel,https://www.metabase.com/learn/images/funnel-chart/funnel-chart-example.png,Visualizations
Histograms,https://www.metabase.com/learn/images/visualizing-your-data-as-a-histogram/histogram.png,jekyll update
How to create pivot tables,https://www.metabase.com/images/twitter/default.png,guide
Index,,Visualization
Line charts,https://www.metabase.com/images/twitter/default.png,Querying
Maps,https://www.metabase.com/learn/images/visualizing-data-with-maps/grid-map.png,jekyll update
Table,https://www.metabase.com/images/twitter/default.png,Visualization